modele,configuration,auc_moyenne,auc_ecart_type,gain_moyen,gain_ecart_type,folds_en_hausse
LightGBM,+ compte_terminal,0.6912544522940038,0.004732988219680982,0.0013499064772146464,0.0015956635645388243,4
LightGBM,+ cycle_engagement,0.6903843700533321,0.004933982931332843,0.00047982423654306937,0.0013281528806835933,3
LightGBM,+ deja_parti,0.6899045458167891,0.005253634417682374,0.0,0.0,0
LightGBM,+ forfait,0.6908504963661279,0.005129410616474354,0.0009459505493389475,0.0008520921776961414,4
LightGBM,+ indicateurs_manquants,0.6903351506599724,0.004498450312250082,0.00043060484318326877,0.0014154846825429428,3
LightGBM,+ qualite_reseau,0.690038481071207,0.005265421894734402,0.000133935254417894,0.0007440093577498499,3
LightGBM,+ service_client,0.6899745761784886,0.005201995878849861,7.0030361699569e-05,0.000968773858672777,2
LightGBM,+ tendance_usage,0.6902114568146623,0.004832809195464672,0.0003069109978732332,0.0019308750130450144,2
LightGBM,référence,0.6899045458167891,0.005253634417682374,0.0,0.0,0
LightGBM,toutes les familles,0.6912368915745112,0.00484709155062734,0.0013323457577220533,0.0024984200387929917,3
Régression logistique,+ compte_terminal,0.6241524991757181,0.0037309410968737605,0.0016093482157227613,0.00047043593145063657,5
Régression logistique,+ cycle_engagement,0.6507608582532101,0.004505970012108427,0.028217707293214645,0.0027061407380541344,5
Régression logistique,+ deja_parti,0.6246852399636846,0.0037374472976476367,0.0021420890036893516,0.0006207641362565441,5
Régression logistique,+ forfait,0.623343424730956,0.004061880321696276,0.0008002737709605912,0.0003493914648855434,5
Régression logistique,+ indicateurs_manquants,0.6232800011250861,0.004175136416751885,0.0007368501650907744,0.00026807809073170475,5
Régression logistique,+ qualite_reseau,0.624471911130696,0.004401594621197375,0.0019287601707006052,0.0012271658732548984,4
Régression logistique,+ service_client,0.6224253013121317,0.0038216291825399528,-0.00011784964786363262,0.0005259595956316874,3
Régression logistique,+ tendance_usage,0.6254877764078813,0.0027383966614284543,0.002944625447885918,0.0015287577899262166,5
Régression logistique,référence,0.6225431509599954,0.00397517574784176,0.0,0.0,0
Régression logistique,toutes les familles,0.6574178054257279,0.003429467565162055,0.03487465446573257,0.002568062125263433,5
