number,auc_cv,state,colsample_bytree,learning_rate,max_depth,min_child_samples,n_estimators,num_leaves,reg_alpha,reg_lambda,subsample,auc_std,ecart_train_validation,folds_evalues,train_auc,duree_s
0,0.6928093713424935,COMPLETE,0.4348501673009197,0.060099747183803134,12,210,200,22,2.9154431891537547,0.2537815508265665,0.5779972601681014,0.004765391352601627,0.05017913461343115,5,0.7429885059559247,50.3
1,0.6891710552839201,COMPLETE,0.5100427059120604,0.12106896936002161,3,454,300,56,0.016480446427978974,0.12561043700013558,0.5909124836035503,0.0033157876730255478,0.03495443889454042,5,0.7241254941784605,33.1
2,0.6865151956946703,COMPLETE,0.6736419905302216,0.01518747922672247,5,142,350,26,1.382623217936987,0.006290644294586149,0.6831809216468459,0.004233795844229275,0.032129506009053954,5,0.7186447017037243,57.2
3,0.6926260979356231,COMPLETE,0.9693313223519999,0.061721159481070736,8,23,250,32,7.2866537374910445,1.7123375973163988,0.5325257964926398,0.0032883684536618445,0.08596765904733339,5,0.7785937569829565,34.2
4,0.6761830233877281,COMPLETE,0.42063311266913106,0.03738105868191797,3,180,200,18,4.337920697490942,0.010842262717330166,0.7475884550556351,0.003885918243971419,0.013326285821101957,5,0.68950930920883,11.9
5,0.6943373320769871,COMPLETE,0.8650796940166687,0.05143828405076928,6,105,250,49,5.727904470799623,3.7958531426706403,0.9847923138822793,0.004339637403826052,0.08984848000081247,5,0.7841858120777996,33.7
6,0.6798262757617379,PRUNED,0.6332063738136893,0.017987863473362915,12,26,100,41,0.01217295809836997,2.0651425578959257,0.6626651653816322,,,2,,7.3
7,0.6942666766674324,COMPLETE,0.9921321619603104,0.015252697030515175,5,113,850,21,1.2273800987852967,0.0062353771356731605,0.5372753218398854,0.004262873639343517,0.05435091456220875,5,0.7486175912296411,65.3
8,0.6912975680950574,COMPLETE,0.6150794371265635,0.08880965698768718,11,193,800,8,0.0029072088906598446,2.8340904295147746,0.5370223258670452,0.0030648298725474803,0.08001024414369218,5,0.7713078122387496,40.1
9,0.6945867730498115,COMPLETE,0.7825344828131279,0.02538617845650057,6,24,400,44,3.53875886477924,0.0774211647399625,0.864803089169032,0.004655658810408065,0.08414561622686745,5,0.778732389276679,48.4
10,0.6885956190395828,PRUNED,0.9787721188521366,0.011408026841909197,6,63,450,123,6.0029097927063795,0.005366576682804272,0.9872366655017815,,,2,,25.1
11,0.696453959756294,COMPLETE,0.8765880021540406,0.053361597883628174,8,143,400,40,4.825469794302865,7.365135778878817,0.9936509454035216,0.004904900327675851,0.12998207714340615,5,0.8264360368997001,51.7
12,0.6870562121162401,PRUNED,0.8846292169111303,0.03363657902187609,7,27,150,26,9.438917254090013,0.14116289866921775,0.8914903038517279,,,2,,7.9
13,0.6945909608704417,COMPLETE,0.8739702368440189,0.07431779167055837,7,219,250,56,0.36010613935771824,0.2887544675679424,0.97880177537825,0.003748330776795966,0.13150667375314673,5,0.8260976346235884,32.5
14,0.6892702253766304,PRUNED,0.9064446420316519,0.12813326341675027,7,165,250,83,0.6788574966696829,8.020756737677704,0.9770655607822816,,,2,,13.8
15,0.6921629546637165,PRUNED,0.7599728202453814,0.05037862481138536,5,202,250,31,0.20264071754153098,4.749584393633665,0.9892180818224953,,,2,,9.5
16,0.692771509068663,COMPLETE,0.7925020972516899,0.10878415781367935,6,160,250,52,0.201759731370374,0.07360920151268197,0.8858941176623388,0.0042918835321917575,0.1387006100857724,5,0.8314721191544354,27.0
17,0.6942948788266602,COMPLETE,0.9978187477745599,0.058857105389560745,7,228,450,64,1.0407574317648633,1.163721035614174,0.8774712494219463,0.004412402747051237,0.16490212395167758,5,0.8591970027783378,54.6
18,0.6952586307389159,COMPLETE,0.8168918837279516,0.05376991930717662,4,152,550,29,1.4312017497396172,1.8026352464726172,0.9213032958188826,0.004388219949532594,0.06864624166537758,5,0.7639048724042935,34.5
19,0.6904297516528609,PRUNED,0.7623099071631703,0.08212265143854196,11,175,450,69,2.64616587898489,3.4734914232581224,0.9407273821795357,,,2,,29.8
20,0.696578050506992,COMPLETE,0.7710162339883428,0.05621442044117621,7,129,600,27,3.523007179879347,4.351424367591077,0.9606680675875239,0.004870115710906548,0.13705910257191567,5,0.8336371530789076,55.7
21,0.694346701544337,COMPLETE,0.8690127546164108,0.0698402513019113,8,180,550,32,1.016210272805804,0.7748213971230521,0.8807288494520049,0.00460056900141089,0.17771110405327906,5,0.872057805597616,55.6
22,0.6965372598839598,COMPLETE,0.7542874956900248,0.05361732607304658,6,274,550,34,8.93241401038075,8.941451308594226,0.9838457812219502,0.003958714576226755,0.1155294202212358,5,0.8120666801051956,50.4
23,0.6945399382140194,COMPLETE,0.9140076874720959,0.0395146916702646,5,277,500,29,5.064588008997709,7.668139023741676,0.9747215071873772,0.00394004242334325,0.07321723518675671,5,0.7677571734007761,44.7
24,0.6959243785852353,COMPLETE,0.6985225340886893,0.06406510736257091,7,359,650,17,2.640444949342712,3.0901262669676672,0.9489989091691934,0.004404296217444634,0.10682767801753579,5,0.802752056602771,47.1
25,0.6954620213110065,COMPLETE,0.844786579818223,0.02945530978177814,8,102,450,29,1.8694056419690392,2.2409000930588374,0.8939252957337189,0.003994166133631787,0.080369100524884,5,0.7758311218358905,48.8
26,0.6951855407679651,COMPLETE,0.8195632008006539,0.058204194436515165,7,112,650,25,1.2039951802108215,9.61049013656568,0.9985826479833257,0.004685825149514679,0.13981508213128813,5,0.8350006228992533,55.9
27,0.6952781634843919,COMPLETE,0.8455136409865605,0.07594771202078014,6,73,450,30,6.356761427782906,3.3428002836749084,0.9604131647775338,0.0036817373330095466,0.14030572965742683,5,0.8355838931418187,42.0
28,0.6959056865291249,COMPLETE,0.788914603304473,0.02239226878406867,7,356,700,28,2.8792701475157907,2.2270089717965234,0.9714249607294176,0.004273014840303018,0.0778017109903727,5,0.7737073975194976,29.4
29,0.6966092435202069,COMPLETE,0.7299656772058358,0.03916077847641059,8,113,500,34,1.8527822111825234,5.489323228220563,0.9823809970772693,0.00412627040088977,0.11478747513481502,5,0.8113967186550219,53.3
30,0.6949606766768082,COMPLETE,0.7192697568878137,0.08943832156747686,5,182,500,22,5.700427948397919,4.038283847513508,0.9956895662479164,0.00379096563786789,0.1223644171585011,5,0.8173250938353093,29.5
31,0.6937716793942037,PRUNED,0.7651479543056277,0.09224343868712576,6,113,450,38,1.8250210625817775,9.368350358920015,0.9955734195670252,,,2,,11.2
32,0.6954222151383466,COMPLETE,0.8036832062573429,0.08233201569392055,8,157,500,27,5.7641275025434044,5.015381434975328,0.9024515526781611,0.004872484074107396,0.15177524685483734,5,0.8471974619931839,27.5
33,0.6966508498306903,COMPLETE,0.6952048823418955,0.051462750871869134,7,92,600,23,0.7658279273266833,2.2883780873893422,0.9197321674758274,0.004179904212423333,0.12058986684136741,5,0.8172407166720577,47.3
34,0.6949657145625211,COMPLETE,0.6559648132298337,0.07268983061248946,7,140,450,38,7.819936063703488,0.6758100822445292,0.9431528871832288,0.00501905490875968,0.15572877630474846,5,0.8506944908672696,35.1
35,0.6965184209416034,COMPLETE,0.7113952110318906,0.03856843321613053,8,81,550,25,3.812119664152682,2.72051702757861,0.9183289185035195,0.004271513818233612,0.09534874545082361,5,0.791867166392427,50.9
36,0.696593070406953,COMPLETE,0.7698659064478374,0.05278724630995846,6,66,600,32,8.130321382083876,2.549094837403985,0.9112305375472666,0.004158122398999359,0.13429285621086606,5,0.830885926617819,59.1
37,0.6961014577678604,COMPLETE,0.8105714785995851,0.042237966580890955,8,162,500,34,0.7811229284557689,5.819237929195198,0.9824369499414234,0.004298636014706616,0.12148373547349722,5,0.8175851932413576,53.5
38,0.6956463760506664,COMPLETE,0.7465767330877675,0.034497777261619844,6,132,450,61,1.4951227445795052,7.642272368471109,0.9798425883255448,0.003962159087018004,0.09946200197358857,5,0.7951083780242549,46.3
39,0.6949763653779742,COMPLETE,0.663962743384308,0.030814902088974833,7,111,450,23,1.0805499767802145,3.709675432240042,0.9490824720794775,0.004640740001665627,0.06551615670574773,5,0.760492522083722,39.4
40,0.6972921176777597,COMPLETE,0.8125948443758324,0.044453327601923505,5,119,700,27,3.369942270622938,2.3359220617462677,0.8876809211455942,0.003965497186008662,0.11204191102131256,5,0.8093340286990722,21.7
41,0.6953532848608722,COMPLETE,0.7349156735823228,0.056086393952148476,7,80,650,38,3.907459788900421,1.1464699387053574,0.9684349865649169,0.005105518352190114,0.1832455219227721,5,0.8785988067836443,26.4
42,0.6951134414978647,COMPLETE,0.7562860069367012,0.03247868307639771,8,94,550,19,1.4183375427345235,2.088332878936867,0.9723638010441302,0.0048273566396136,0.06975824770177719,5,0.7648716891996419,44.0
43,0.6959964497281824,COMPLETE,0.81736354462353,0.056268637602077134,7,84,550,21,3.0054916716978837,2.9149506068715447,0.9673722393617272,0.005214817384626501,0.11054948738262771,5,0.8065459371108101,44.6
44,0.6964644855621759,COMPLETE,0.7706093172287907,0.05803183842110771,5,101,750,22,5.120629540126454,1.6307312419021145,0.8530585739113011,0.004317932176490846,0.1274484780866033,5,0.8239129636487792,54.1
45,0.6965446010710196,COMPLETE,0.80135065036377,0.043246053543168315,5,85,600,37,6.910640633185213,4.442401297205228,0.9567384934898813,0.0045218401141269,0.09915990911804173,5,0.7957045101890613,51.3
46,0.6950112352351978,PRUNED,0.7295966804590992,0.08118097902099589,7,89,550,25,1.570899281918287,2.666243886462946,0.9157846993393843,,,2,,18.3
47,0.6959937057680979,COMPLETE,0.8007345781171702,0.05005562973114881,6,153,700,29,5.723919281232292,1.9621373129053303,0.9909275663572454,0.0044085501465160985,0.1380267190378638,5,0.8340204248059617,64.7
48,0.6969581139806017,COMPLETE,0.7377272902108,0.040646305324907886,7,106,650,26,3.895525362172304,2.3262335513171086,0.8690405473715438,0.0044931386506918995,0.11308429375842832,5,0.81004240773903,44.4
49,0.6956667713621824,COMPLETE,0.8184379030072367,0.03096006628662757,6,103,550,24,9.602379800047936,3.6746234166684872,0.9203613132304679,0.004171744776864909,0.06943767686901048,5,0.7651044482311928,44.6
