variable,rang,type,test,mesure_effet,statistique,p_value,effet,n,ecart_classes_pts,forme_courbe,info_mutuelle,p_ajustee_holm,significatif_holm,effet_abs,interpretation,relation_non_monotone
months,1,numérique,Mann-Whitney U,rank-biserial,842639338.5,3.938633026723493e-39,0.0533798225176616,80000,28.72,non monotone,0.018356839172323003,3.3084517424477338e-37,True,0.0533798225176616,négligeable,True
eqpdays,2,numérique,Mann-Whitney U,rank-biserial,916476778.0,5.3006987798659555e-291,0.14894776910311025,79886,23.86,non monotone,0.01654986893689636,6.254824560241828e-289,True,0.14894776910311025,faible,False
totmrc_Mean,3,numérique,Mann-Whitney U,rank-biserial,726849860.5,2.0584767061714233e-94,-0.08416861997025205,79686,13.43,monotone,0.011848696207879206,2.367248212097137e-92,True,0.08416861997025205,négligeable,True
hnd_price,4,numérique,Mann-Whitney U,rank-biserial,692970566.0,1.1717115804527438e-188,-0.11847660884038058,79304,20.840000000000003,monotone,0.006429851723584078,1.3709025491297103e-186,True,0.11847660884038058,faible,False
adjrev,5,numérique,Mann-Whitney U,rank-biserial,833532835.0,8.117491884280567e-25,0.04199582155508774,80000,12.099999999999994,non monotone,0.005573734874020131,6.169293832053231e-23,True,0.04199582155508774,négligeable,True
mouowylisv_Mean,6,numérique,Mann-Whitney U,rank-biserial,749507807.0,6.55721703925811e-54,-0.06304350551839122,80000,9.219999999999999,monotone,0.005526719874674457,6.229356187295204e-52,True,0.06304350551839122,négligeable,False
opk_vce_Mean,7,numérique,Mann-Whitney U,rank-biserial,743483252.0,5.245975282868207e-67,-0.07057477588127836,80000,12.350000000000001,monotone,0.004717918860032588,5.455814294182935e-65,True,0.07057477588127836,négligeable,True
change_rev,8,numérique,Mann-Whitney U,rank-biserial,776980628.0,0.007706392389030841,-0.010921667605342855,79282,6.68,non monotone,0.004534681245473182,0.1695406325586785,False,0.010921667605342855,négligeable,False
change_mou,9,numérique,Mann-Whitney U,rank-biserial,737943828.0,1.9921860924307393e-49,-0.060614609301211875,79282,10.079999999999998,monotone,0.004281790074915914,1.8128893441119727e-47,True,0.060614609301211875,négligeable,True
hnd_webcap,10,catégorielle,χ²,V de Cramér,674.7646262314845,6.221305614699486e-146,0.09183984880156085,80000,11.899999999999999,sans objet,0.00423087129022133,7.216714513051403e-144,True,0.09183984880156085,négligeable,True
rev_Mean,11,numérique,Mann-Whitney U,rank-biserial,770233138.0,2.6952683741416093e-13,-0.029895307460635068,79702,7.32,non monotone,0.004168180135401878,1.671066391967798e-11,True,0.029895307460635068,négligeable,False
mou_cvce_Mean,12,numérique,Mann-Whitney U,rank-biserial,734947315.0,3.5924812917190964e-88,-0.08124551410967407,80000,11.940000000000005,monotone,0.0038994105020240255,4.059503859642579e-86,True,0.08124551410967407,négligeable,True
avg3mou,13,numérique,Mann-Whitney U,rank-biserial,746083287.0,4.302149334745938e-61,-0.06732448328075114,80000,12.64,monotone,0.00372790767529807,4.388192321440857e-59,True,0.06732448328075114,négligeable,True
attempt_Mean,14,numérique,Mann-Whitney U,rank-biserial,746560564.0,4.437801697424484e-60,-0.06672784135035337,80000,12.21,monotone,0.0035396108777174806,4.482179714398729e-58,True,0.06672784135035337,négligeable,True
mou_Mean,15,numérique,Mann-Whitney U,rank-biserial,731368390.0,4.8956237067392215e-83,-0.07896059941507616,79707,14.490000000000002,monotone,0.003444163678084866,5.434142314480536e-81,True,0.07896059941507616,négligeable,True
avg6rev,16,numérique,Mann-Whitney U,rank-biserial,735618942.5,3.9906369173267255e-10,-0.025900015348168215,77727,5.359999999999999,non monotone,0.003248088631003121,1.7558802436237593e-08,True,0.025900015348168215,négligeable,False
da_Mean,17,numérique,Mann-Whitney U,rank-biserial,776197957.5,4.716617211687869e-09,-0.02250505861889629,79707,3.3299999999999983,non monotone,0.003227909825726849,1.8866468846751476e-07,True,0.02250505861889629,négligeable,False
ovrmou_Mean,18,numérique,Mann-Whitney U,rank-biserial,814564754.0,4.9614303191340576e-11,0.025811674417274055,79707,4.710000000000001,monotone,0.003020729783500542,2.57994376594971e-09,True,0.025811674417274055,négligeable,False
totrev,19,numérique,Mann-Whitney U,rank-biserial,833105808.0,3.128116704941219e-24,0.04146199693414032,80000,11.899999999999999,non monotone,0.0029462339249655134,2.3460875287059143e-22,True,0.04146199693414032,négligeable,True
avgqty,20,numérique,Mann-Whitney U,rank-biserial,791041648.5,0.006444633945502664,-0.0111222284206135,80000,5.050000000000004,non monotone,0.0026863581626828115,0.14822658074656128,False,0.0111222284206135,négligeable,False
plcd_vce_Mean,21,numérique,Mann-Whitney U,rank-biserial,746739197.0,1.0871645096776574e-59,-0.06650453300330805,80000,12.079999999999998,monotone,0.0025762120886017037,1.0871645096776575e-57,True,0.06650453300330805,négligeable,True
mou_rvce_Mean,22,numérique,Mann-Whitney U,rank-biserial,748884996.5,3.3973094056794514e-55,-0.06382207825286623,80000,9.600000000000001,monotone,0.0024384292740002866,3.3293632175658623e-53,True,0.06382207825286623,négligeable,False
crclscod,23,catégorielle,χ²,V de Cramér,385.5800271685354,3.5156472212353466e-80,0.0694244217808596,80000,12.660000000000004,sans objet,0.002422581570178224,3.8672119433588814e-78,True,0.0694244217808596,négligeable,True
avg3qty,24,numérique,Mann-Whitney U,rank-biserial,755863698.0,1.6575586492620173e-41,-0.055098033443185535,80000,11.259999999999998,monotone,0.0023605386983338583,1.4089248518727147e-39,True,0.055098033443185535,négligeable,True
mou_opkv_Mean,25,numérique,Mann-Whitney U,rank-biserial,733577679.5,7.282048755357635e-92,-0.0829576895731079,80000,12.850000000000001,monotone,0.002356511289413721,8.301535581107703e-90,True,0.0829576895731079,négligeable,True
asl_flag,26,binaire,χ²,V de Cramér,373.2584722967149,3.653692327124033e-83,0.06830615567947691,80000,9.849999999999994,sans objet,0.0023445855218637013,4.092135406378917e-81,True,0.06830615567947691,négligeable,False
totmou,27,numérique,Mann-Whitney U,rank-biserial,811507769.5,0.00039652228207798435,0.014462381651095146,80000,6.100000000000001,non monotone,0.0021980075451788483,0.011102623898183561,True,0.014462381651095146,négligeable,False
recv_vce_Mean,28,numérique,Mann-Whitney U,rank-biserial,754917395.5,2.669147989356316e-43,-0.056281002139226266,80000,8.980000000000004,monotone,0.002145872882149513,2.348850230633558e-41,True,0.056281002139226266,négligeable,False
roam_Mean,29,numérique,Mann-Whitney U,rank-biserial,788921882.5,0.05356141325938341,-0.0064813468816588005,79707,3.509999999999998,non monotone,0.002118415467767365,0.7982201151288664,False,0.0064813468816588005,négligeable,False
comp_vce_Mean,30,numérique,Mann-Whitney U,rank-biserial,743380278.5,3.1368498089101863e-67,-0.07070350261191871,80000,12.579999999999998,monotone,0.0020991725214993817,3.2936922993556955e-65,True,0.07070350261191871,négligeable,True
manquant_hnd_webcap,31,binaire,χ²,V de Cramér,319.5582744119888,1.8076687131020743e-71,0.0632018862863274,80000,10.439999999999998,sans objet,0.0020059373255194857,1.9522822101502404e-69,True,0.0632018862863274,négligeable,True
ccrndmou_Mean,32,numérique,Mann-Whitney U,rank-biserial,754659732.5,1.8333772325357227e-52,-0.056603105550268706,80000,7.200000000000003,monotone,0.0018886255764711812,1.7233745985835794e-50,True,0.056603105550268706,négligeable,False
mouiwylisv_Mean,33,numérique,Mann-Whitney U,rank-biserial,742736544.0,1.2537532745769871e-70,-0.07150823234903925,80000,7.850000000000001,monotone,0.0016394601918270357,1.3415160037973763e-68,True,0.07150823234903925,négligeable,False
unan_vce_Mean,34,numérique,Mann-Whitney U,rank-biserial,755184680.5,8.70687590586104e-43,-0.05594687030725787,80000,7.910000000000004,monotone,0.0015870516857969807,7.574982038099104e-41,True,0.05594687030725787,négligeable,False
dualband,35,catégorielle,χ²,V de Cramér,250.73686821756917,4.5336902999541335e-54,0.05598437309504323,79999,11.810000000000002,sans objet,0.0015796128687387912,4.352342687955968e-52,True,0.05598437309504323,négligeable,True
adjmou,36,numérique,Mann-Whitney U,rank-biserial,810584100.5,0.0011158364968236255,0.013307706996317004,80000,5.969999999999999,non monotone,0.00140400519462891,0.029011748917414263,True,0.013307706996317004,négligeable,False
manquant_change_mou_bloc,37,binaire,χ²,V de Cramér,203.25295955026323,4.073720109356697e-46,0.05040497985693765,80000,26.720000000000006,sans objet,0.0013323216627789194,3.666348098421028e-44,True,0.05040497985693765,négligeable,True
uniqsubs,38,numérique,Mann-Whitney U,rank-biserial,839335137.0,1.3360417216532643e-44,0.049249254396039666,80000,5.850000000000001,monotone,0.0013260473195594084,1.1890771322714053e-42,True,0.049249254396039666,négligeable,False
area,39,catégorielle,χ²,V de Cramér,200.0252366163639,3.365641863412446e-32,0.050003154477538204,80000,10.21,sans objet,0.0012517211326345228,2.6925134907299566e-30,True,0.050003154477538204,négligeable,True
models,40,numérique,Mann-Whitney U,rank-biserial,761999371.0,5.166545837946238e-42,-0.047404246624118795,79999,6.18,monotone,0.001232510562030885,4.443229420633765e-40,True,0.047404246624118795,négligeable,False
custcare_Mean,41,numérique,Mann-Whitney U,rank-biserial,753837984.0,2.356216943330304e-54,-0.057630369825189764,80000,7.309999999999995,monotone,0.001191808641364256,2.2855304350303946e-52,True,0.057630369825189764,négligeable,False
cc_mou_Mean,42,numérique,Mann-Whitney U,rank-biserial,755186004.0,2.7497298371466885e-51,-0.05594521580558509,80000,6.699999999999996,monotone,0.0011774401726598605,2.5297514501749533e-49,True,0.05594521580558509,négligeable,False
phones,43,numérique,Mann-Whitney U,rank-biserial,763916278.0,4.6232522365635807e-35,-0.045007870016327,79999,4.590000000000003,monotone,0.00111131012595585,3.7448343116165004e-33,True,0.045007870016327,négligeable,False
lor,44,numérique,Mann-Whitney U,rank-biserial,369324819.0,2.5313998508658942e-26,-0.05165662835760709,55834,6.319999999999993,monotone,0.001106476627115563,1.9491778851667386e-24,True,0.05165662835760709,négligeable,False
mou_peav_Mean,45,numérique,Mann-Whitney U,rank-biserial,744974930.5,1.3435762723573296e-63,-0.06871003498705375,80000,12.119999999999997,monotone,0.0010985488702324187,1.3838835605280495e-61,True,0.06871003498705375,négligeable,True
blck_vce_Mean,46,numérique,Mann-Whitney U,rank-biserial,774021862.0,9.490728710856558e-16,-0.03239859051708649,80000,3.5700000000000003,monotone,0.0010871457382042315,6.453695523382459e-14,True,0.03239859051708649,négligeable,False
owylis_vce_Mean,47,numérique,Mann-Whitney U,rank-biserial,750236843.5,2.041734069450958e-52,-0.06213214011697765,80000,9.049999999999997,monotone,0.000847235381539857,1.898812684589391e-50,True,0.06213214011697765,négligeable,False
ovrrev_Mean,48,numérique,Mann-Whitney U,rank-biserial,814434307.5,6.612423997004958e-11,0.02564739829075413,79707,4.57,monotone,0.0007520553013746767,3.306211998502479e-09,True,0.02564739829075413,négligeable,False
avg6mou,49,numérique,Mann-Whitney U,rank-biserial,715802565.5,1.935721417665773e-36,-0.052213926289515156,77730,9.339999999999996,monotone,0.0007180974238771842,1.587291562485934e-34,True,0.052213926289515156,négligeable,False
vceovr_Mean,50,numérique,Mann-Whitney U,rank-biserial,817689265.0,1.484366761587186e-14,0.029746487266597565,79707,4.779999999999994,monotone,0.000637982586101149,9.796820626475428e-13,True,0.029746487266597565,négligeable,False
manquant_avg6mou_bloc,51,binaire,χ²,V de Cramér,84.67449677464043,3.51758573114561e-20,0.03253353976564809,80000,9.800000000000004,sans objet,0.0005329519472913324,2.532661726424839e-18,True,0.03253353976564809,négligeable,False
actvsubs,52,numérique,Mann-Whitney U,rank-biserial,818719386.5,5.263058385681763e-13,0.02347759312822384,80000,3.3900000000000006,non monotone,0.0004982022530996665,3.210465615265875e-11,True,0.02347759312822384,négligeable,False
complete_Mean,53,numérique,Mann-Whitney U,rank-biserial,743197877.5,1.186803680111128e-67,-0.07093152131960101,80000,12.729999999999997,monotone,0.0004898082932303094,1.2580119009177957e-65,True,0.07093152131960101,négligeable,True
marital,54,catégorielle,χ²,V de Cramér,77.99268041824567,2.2059709740963035e-15,0.03122352486872792,80000,4.569999999999993,sans objet,0.00048758125387420026,1.4780005526445234e-13,True,0.03122352486872792,négligeable,False
refurb_new,55,catégorielle,χ²,V de Cramér,74.9205030032732,4.900543428473057e-18,0.030602581492675418,79999,4.350000000000001,sans objet,0.00047701181195801065,3.43038039993114e-16,True,0.030602581492675418,négligeable,False
infobase,56,catégorielle,χ²,V de Cramér,74.95017380063082,5.306113681566462e-17,0.030608449364642524,80000,3.1300000000000026,sans objet,0.0004714417607569153,3.661218440280858e-15,True,0.030608449364642524,négligeable,False
income,57,numérique,Mann-Whitney U,rank-biserial,448214153.5,0.05483628764456091,0.008962422248416368,59629,2.6699999999999946,non monotone,0.0003868909603572737,0.7982201151288664,False,0.008962422248416368,négligeable,False
HHstatin,58,catégorielle,χ²,V de Cramér,58.59700357772503,8.671764751316948e-11,0.02706404523942352,80000,4.859999999999999,sans objet,0.00036628494082444757,4.162447080632135e-09,True,0.02706404523942352,négligeable,False
dwllsize,59,catégorielle,χ²,V de Cramér,57.56238984487641,6.586123528090935e-07,0.02682405400123097,80000,7.759999999999998,sans objet,0.0003598524542069402,2.1734207642700088e-05,True,0.02682405400123097,négligeable,False
avgrev,60,numérique,Mann-Whitney U,rank-biserial,796328873.5,0.2690167501644296,-0.004512691127914525,80000,3.6099999999999994,non monotone,0.0003561235480298297,1.0,False,0.004512691127914525,négligeable,False
manquant_infobase,61,binaire,χ²,V de Cramér,55.79212541174436,8.055355684220445e-14,0.026408361699408855,80000,3.1799999999999997,sans objet,0.00034874232660150883,5.07487408105888e-12,True,0.026408361699408855,négligeable,False
avg3rev,62,numérique,Mann-Whitney U,rank-biserial,777787828.5,1.1678347103413793e-11,-0.027690771949727355,80000,7.1299999999999955,non monotone,0.0003420604175201625,6.77344131998e-10,True,0.027690771949727355,négligeable,False
adults,63,numérique,Mann-Whitney U,rank-biserial,469250046.5,0.05606438597660182,-0.008631240073914692,61551,1.3800000000000026,non monotone,0.00033959298820841755,0.7982201151288664,False,0.008631240073914692,négligeable,False
comp_dat_Mean,64,numérique,Mann-Whitney U,rank-biserial,785321619.5,4.237491749376604e-14,-0.01827281213717924,80000,4.090000000000003,monotone,0.00030522038770985915,2.714072972351602e-12,True,0.01827281213717924,négligeable,False
dwlltype,65,catégorielle,χ²,V de Cramér,48.200523773872476,3.414988535780609e-11,0.024546008782965225,80000,2.789999999999999,sans objet,0.00030127918754360716,1.8099439239637229e-09,True,0.024546008782965225,négligeable,False
manquant_adults,66,binaire,χ²,V de Cramér,47.19294165860198,6.433169056282684e-12,0.024288099364349707,80000,2.8800000000000026,sans objet,0.00029497888856769294,3.8599014337696106e-10,True,0.024288099364349707,négligeable,False
manquant_lor,67,binaire,χ²,V de Cramér,46.909979788324236,7.432328018063332e-12,0.02421517597198197,80000,2.6299999999999955,sans objet,0.00029320162381457626,4.385073530657366e-10,True,0.02421517597198197,négligeable,False
peak_vce_Mean,68,numérique,Mann-Whitney U,rank-biserial,746990846.5,3.7676621472349764e-59,-0.06618994704282044,80000,12.64,monotone,0.00028863211988117143,3.729985525762627e-57,True,0.06618994704282044,négligeable,True
manquant_rev_Mean_bloc,69,binaire,χ²,V de Cramér,44.18131164844619,2.9932534491673354e-11,0.023500348840082723,80000,19.449999999999996,sans objet,0.00028279048476179125,1.616356862550361e-09,True,0.023500348840082723,négligeable,True
manquant_HHstatin,70,binaire,χ²,V de Cramér,45.10384362877231,1.8685829103996925e-11,0.02374443188117277,80000,2.4499999999999957,sans objet,0.00028191268283661586,1.0464064298238278e-09,True,0.02374443188117277,négligeable,False
manquant_dwllsize,71,binaire,χ²,V de Cramér,43.06230363154692,5.302411301178212e-11,0.02320083609257081,80000,2.3800000000000026,sans objet,0.00026915163931212627,2.704229763600888e-09,True,0.02320083609257081,négligeable,False
manquant_income,72,binaire,χ²,V de Cramér,42.49626655373097,7.081726920259781e-11,0.023047848748237593,80000,2.6400000000000006,sans objet,0.00026561479801362475,3.4700461909272924e-09,True,0.023047848748237593,négligeable,False
manquant_dwlltype,73,binaire,χ²,V de Cramér,40.82617603483968,1.663893747984875e-10,0.022590422759114007,80000,2.4200000000000017,sans objet,0.0002551722819650881,7.653911240730425e-09,True,0.022590422759114007,négligeable,False
manquant_hnd_price,74,binaire,χ²,V de Cramér,39.89918574724837,2.674146563757887e-10,0.022332483557379025,80000,12.030000000000001,sans objet,0.0002521228460964399,1.203365953691049e-08,True,0.022332483557379025,négligeable,True
ownrent,75,catégorielle,χ²,V de Cramér,39.600529443035825,2.5168323715581253e-09,0.022248744190132348,80000,2.3400000000000034,sans objet,0.00024751193524228526,1.0570695960544126e-07,True,0.022248744190132348,négligeable,False
prizm_social_one,76,catégorielle,χ²,V de Cramér,39.416748056260325,1.9575761237272853e-07,0.02219705725323188,80000,4.020000000000003,sans objet,0.0002463907919702524,6.8515164330454985e-06,True,0.02219705725323188,négligeable,False
manquant_ownrent,77,binaire,χ²,V de Cramér,37.06799874541845,1.140806735437253e-09,0.021525565830373208,80000,2.280000000000001,sans objet,0.0002316813430733311,4.9054689623801876e-08,True,0.021525565830373208,négligeable,False
creditcd,78,catégorielle,χ²,V de Cramér,29.97591596105286,3.0960827098296284e-07,0.01935714208020287,80000,4.099999999999994,sans objet,0.00018737039737143357,1.0526681213420737e-05,True,0.01935714208020287,négligeable,False
numbcars,79,numérique,Mann-Whitney U,rank-biserial,206561701.0,0.09972410347713247,0.008427747352264259,40490,1.8900000000000006,monotone,0.00016694857032062416,1.0,False,0.008427747352264259,négligeable,False
mou_cdat_Mean,80,numérique,Mann-Whitney U,rank-biserial,785315514.0,4.1754968805409264e-14,-0.018280444596539436,80000,4.060000000000002,monotone,0.00014337449454360218,2.714072972351602e-12,True,0.018280444596539436,négligeable,False
threeway_Mean,81,numérique,Mann-Whitney U,rank-biserial,772658677.5,5.6436468997900474e-27,-0.03410270161309226,80000,5.420000000000002,monotone,0.00011513847538546784,4.402044581836237e-25,True,0.03410270161309226,négligeable,False
totcalls,82,numérique,Mann-Whitney U,rank-biserial,818490290.0,1.3437395280147333e-08,0.023191200576294202,80000,7.700000000000003,non monotone,9.993687729048517e-05,5.240584159257459e-07,True,0.023191200576294202,négligeable,False
manquant_numbcars,83,binaire,χ²,V de Cramér,13.300983315339286,0.00026526696058046625,0.012894273591084573,80000,1.2899999999999991,sans objet,8.313329831660665e-05,0.007692741856833521,True,0.012894273591084573,négligeable,False
manquant_prizm_social_one,84,binaire,χ²,V de Cramér,10.863502054545735,0.0009807804956285307,0.011653058640624001,80000,2.230000000000004,sans objet,6.789972421884782e-05,0.02648107338197033,True,0.011653058640624001,négligeable,False
eqpdays_was_negative,85,binaire,χ²,V de Cramér,9.081842152521597,0.0025815986916393283,0.010654718527794151,80000,0.0,sans objet,5.764384838386535e-05,0.06453996729098321,False,0.010654718527794151,négligeable,False
forgntvl,86,catégorielle,χ²,V de Cramér,8.35429971896111,0.015342172659294563,0.010219038432602839,80000,2.8599999999999994,sans objet,5.224227855329944e-05,0.32218562584518584,False,0.010219038432602839,négligeable,False
kid0_2,87,catégorielle,χ²,V de Cramér,7.896596876594719,0.01928749272852704,0.009935162855103786,80000,4.419999999999995,sans objet,4.937478510090576e-05,0.3857498545705408,False,0.009935162855103786,négligeable,False
kid16_17,88,catégorielle,χ²,V de Cramér,6.943845611127182,0.031057256147183708,0.009316548187987318,80000,3.6399999999999935,sans objet,4.3419360714530564e-05,0.5900878667964905,False,0.009316548187987318,négligeable,False
truck,89,catégorielle,χ²,V de Cramér,6.4871118190756505,0.039024879141433044,0.009004937408913269,80000,2.8999999999999986,sans objet,4.056624643639095e-05,0.7024478245457948,False,0.009004937408913269,négligeable,False
kid3_5,90,catégorielle,χ²,V de Cramér,6.047627916065074,0.04861544705042661,0.008694558582861663,80000,3.8399999999999963,sans objet,3.781830580003309e-05,0.7778471528068258,False,0.008694558582861663,négligeable,False
kid11_15,91,catégorielle,χ²,V de Cramér,5.866842174349564,0.05321467434192442,0.008563616477830471,80000,2.8399999999999963,sans objet,3.668978402196488e-05,0.7982201151288664,False,0.008563616477830471,négligeable,False
kid6_10,92,catégorielle,χ²,V de Cramér,4.660631128268244,0.09726504888522955,0.007632685576083496,80000,2.809999999999995,sans objet,2.9150199302441226e-05,1.0,False,0.007632685576083496,négligeable,False
rv,93,catégorielle,χ²,V de Cramér,4.408294205361126,0.11034459779336814,0.007423185136248057,80000,2.789999999999999,sans objet,2.7573028601124427e-05,1.0,False,0.007423185136248057,négligeable,False
manquant_truck_bloc,94,binaire,χ²,V de Cramér,4.247217664185607,0.03931469144196028,0.007286303644669229,80000,2.769999999999996,sans objet,2.6566290451279784e-05,0.7024478245457948,False,0.007286303644669229,négligeable,False
manquant_area,95,binaire,χ²,V de Cramér,2.276658196435169,0.13133458943255782,0.00533462533412044,80000,0.0,sans objet,1.4390746418760326e-05,1.0,False,0.00533462533412044,négligeable,False
new_cell,96,catégorielle,χ²,V de Cramér,1.4155950667988488,0.4927282207095357,0.0042065351935988374,80000,0.5399999999999991,sans objet,8.847893246982652e-06,1.0,False,0.0042065351935988374,négligeable,False
avg6rev_was_negative,97,binaire,Fisher exact,V de Cramér,0.3511030675189224,0.621742901917457,0.0020949435180898147,80000,0.0,sans objet,2.2346336416979417e-06,1.0,False,0.0020949435180898147,négligeable,False
rev_Mean_was_negative,98,binaire,Fisher exact,V de Cramér,0.182908247302896,1.0,0.001512069142362941,80000,0.0,sans objet,1.1515559241270074e-06,1.0,False,0.001512069142362941,négligeable,False
totmrc_Mean_was_negative,99,binaire,χ²,V de Cramér,0.03173762051815285,0.8586047392505826,0.0006298573302557577,80000,0.0,sans objet,1.9845511882487024e-07,1.0,False,0.0006298573302557577,négligeable,False
plcd_dat_Mean,100,numérique,Mann-Whitney U,rank-biserial,782245184.5,2.701942778042975e-18,-0.022118650334166157,80000,4.140000000000001,monotone,0.0,1.9183793724105123e-16,True,0.022118650334166157,négligeable,False
recv_sms_Mean,101,numérique,Mann-Whitney U,rank-biserial,799522963.0,0.4302988904010462,-0.0005197735451620833,80000,0.0,sans objet,0.0,1.0,False,0.0005197735451620833,négligeable,False
datovr_Mean,102,numérique,Mann-Whitney U,rank-biserial,782642373.0,4.118368094273082e-09,-0.014389366622363342,79707,2.9100000000000037,monotone,0.0,1.6885309186519637e-07,True,0.014389366622363342,négligeable,False
drop_vce_Mean,103,numérique,Mann-Whitney U,rank-biserial,778833929.0,9.352025515009145e-11,-0.026383046201974847,80000,4.440000000000005,non monotone,0.0,4.395451992054298e-09,True,0.026383046201974847,négligeable,False
iwylis_vce_Mean,104,numérique,Mann-Whitney U,rank-biserial,741831076.5,7.458386604316494e-73,-0.07264015338674368,80000,8.439999999999998,monotone,0.0,8.129641398704979e-71,True,0.07264015338674368,négligeable,False
inonemin_Mean,105,numérique,Mann-Whitney U,rank-biserial,758802804.5,1.8533977432759866e-36,-0.051423869014971424,80000,8.0,monotone,0.0,1.5383201269190689e-34,True,0.051423869014971424,négligeable,False
callwait_Mean,106,numérique,Mann-Whitney U,rank-biserial,765169922.5,5.150987837398225e-30,-0.04346436211522442,80000,5.410000000000004,monotone,0.0,4.069280391544598e-28,True,0.04346436211522442,négligeable,False
callfwdv_Mean,107,numérique,Mann-Whitney U,rank-biserial,799478110.5,0.21198257425500688,-0.000575843463015091,80000,0.0,sans objet,0.0,1.0,False,0.000575843463015091,négligeable,False
avg6qty,108,numérique,Mann-Whitney U,rank-biserial,724883301.0,2.9042892213748104e-22,-0.04019022721275012,77730,7.559999999999995,monotone,0.0,2.1491740238173596e-20,True,0.04019022721275012,négligeable,False
avgmou,109,numérique,Mann-Whitney U,rank-biserial,784305364.5,1.6939374067129436e-06,-0.01954322815340548,80000,4.480000000000004,non monotone,0.0,5.4205997014814194e-05,True,0.01954322815340548,négligeable,False
adjqty,110,numérique,Mann-Whitney U,rank-biserial,817571294.0,6.700780979557993e-08,0.022042367618770875,80000,7.43,non monotone,0.0,2.4122811526408774e-06,True,0.022042367618770875,négligeable,False
mou_opkd_Mean,111,numérique,Mann-Whitney U,rank-biserial,788669120.5,1.7229873903517107e-11,-0.014088115496342701,80000,0.0,sans objet,0.0,9.82102812500475e-10,True,0.014088115496342701,négligeable,False
opk_dat_Mean,112,numérique,Mann-Whitney U,rank-biserial,788710412.0,1.9733965554267608e-11,-0.014036497169314543,80000,0.0,sans objet,0.0,1.0853681054847184e-09,True,0.014036497169314543,négligeable,False
peak_dat_Mean,113,numérique,Mann-Whitney U,rank-biserial,790752912.5,1.3953766656125004e-08,-0.011483176055666733,80000,0.0,sans objet,0.0,5.302431329327501e-07,True,0.011483176055666733,négligeable,False
mou_pead_Mean,114,numérique,Mann-Whitney U,rank-biserial,790771200.5,1.482325409126985e-08,-0.011460314305314023,80000,0.0,sans objet,0.0,5.484604013769845e-07,True,0.011460314305314023,négligeable,False
unan_dat_Mean,115,numérique,Mann-Whitney U,rank-biserial,796004879.5,6.122008523284625e-05,-0.004917714637526882,80000,0.0,sans objet,0.0,0.0018978226422182339,True,0.004917714637526882,négligeable,False
drop_blk_Mean,116,numérique,Mann-Whitney U,rank-biserial,769887196.0,3.237779045883812e-20,-0.03756731874784158,80000,5.540000000000006,non monotone,0.0,2.3635787034951827e-18,True,0.03756731874784158,négligeable,False
drop_dat_Mean,117,numérique,Mann-Whitney U,rank-biserial,797288320.0,0.0033783762373874745,-0.0033132911738554816,80000,0.0,sans objet,0.0,0.08108102969729938,False,0.0033132911738554816,négligeable,False
blck_dat_Mean,118,numérique,Mann-Whitney U,rank-biserial,797632241.5,0.00023578987423358735,-0.0028833563819730124,80000,0.0,sans objet,0.0,0.00707369622700762,True,0.0028833563819730124,négligeable,False
