bande,debut_pct,fin_pct,n,taux,lift,lift_cumule,score_min,niveau
0,0.0,5.0,7895,0.06086469938561388,3.110774515173238,3.110774515173238,0.6982337333312653,High
1,5.0,10.0,6052,0.041738395437575626,2.133235490227726,2.622132664733441,0.648375501391836,High
2,10.0,15.0,5388,0.03480740398407106,1.77899482534174,2.3410531467377536,0.612722047581809,Medium
3,15.0,20.0,4928,0.03004361596286795,1.5355192061136125,2.1397064467072084,0.5831358678004173,Medium
4,20.0,25.0,4537,0.02598374156503141,1.328020377743825,1.977411207520541,0.5575517965803708,Medium
5,25.0,30.0,4460,0.025174634559028967,1.2866671881326488,1.8622951094220168,0.5326792869107565,Medium
6,30.0,35.0,4163,0.02207129618454642,1.1280565973510037,1.7573798097002447,0.509493327472617,Low
7,35.0,40.0,3940,0.019767248310324146,1.010297477841349,1.6640043798056239,0.48735898032521946,Low
8,40.0,45.0,3852,0.018849474123903892,0.9633903448296185,1.586161244096293,0.4658303285433486,Low
9,45.0,50.0,3639,0.01664381185168582,0.850659680671983,1.5126299745990321,0.443901430288575,Low
10,50.0,55.0,3503,0.015209632482134873,0.7773592507344154,1.4457702372267949,0.4214156188419482,Low
11,55.0,60.0,3464,0.01481847739070514,0.7573674442820291,1.3884108916439746,0.39708458113770756,Low
12,60.0,65.0,3336,0.013482458373603158,0.68908395726673,1.334616249586881,0.3720651192257362,Low
13,65.0,70.0,3090,0.010927634461578224,0.5585077579836224,1.2791850507764828,0.34534261524903637,Low
14,70.0,75.0,3037,0.010363145285475056,0.5296569041908913,1.2292012029362314,0.3163043373570034,Low
15,75.0,80.0,2930,0.009269362860523081,0.4737540487257214,1.1819991755951114,0.2845736550842754,Low
16,80.0,85.0,2718,0.00705726905868099,0.36069467123096394,1.1336890727945785,0.2523200715403048,Low
17,85.0,90.0,2677,0.00662914060718939,0.3388131686594513,1.0895283518347456,0.21593733470023538,Low
18,90.0,95.0,2486,0.004643566825445614,0.23733115395151996,1.044675993650565,0.17146491489316507,Low
19,95.0,100.0,2323,0.002953793782281127,0.15096741647867457,1.0000000000000002,0.04648286143051849,Low
